name,subdomain
Green Valley Public School,green-valley-public-school-1
Sunrise International Academy,sunrise-international-academy-2
Blue Ridge High School,blue-ridge-high-school-3
Riverdale Convent,riverdale-convent-4
Hillside Senior Secondary,hillside-senior-secondary-5
Lotus Public School,lotus-public-school-6
Oakwood Academy,oakwood-academy-7
Crescent High School,crescent-high-school-8
Maple Leaf School,maple-leaf-school-9
Silver Oaks Academy,silver-oaks-academy-10
Green Valley Public School,green-valley-public-school-11
Sunrise International Academy,sunrise-international-academy-12
Blue Ridge High School,blue-ridge-high-school-13
Riverdale Convent,riverdale-convent-14
Hillside Senior Secondary,hillside-senior-secondary-15
Lotus Public School,lotus-public-school-16
Oakwood Academy,oakwood-academy-17
Crescent High School,crescent-high-school-18
Maple Leaf School,maple-leaf-school-19
Silver Oaks Academy,silver-oaks-academy-20
Green Valley Public School,green-valley-public-school-21
Sunrise International Academy,sunrise-international-academy-22
Blue Ridge High School,blue-ridge-high-school-23
Riverdale Convent,riverdale-convent-24
Hillside Senior Secondary,hillside-senior-secondary-25
Lotus Public School,lotus-public-school-26
Oakwood Academy,oakwood-academy-27
Crescent High School,crescent-high-school-28
Maple Leaf School,maple-leaf-school-29
Silver Oaks Academy,silver-oaks-academy-30
Green Valley Public School,green-valley-public-school-31
Sunrise International Academy,sunrise-international-academy-32
Blue Ridge High School,blue-ridge-high-school-33
Riverdale Convent,riverdale-convent-34
Hillside Senior Secondary,hillside-senior-secondary-35
Lotus Public School,lotus-public-school-36
Oakwood Academy,oakwood-academy-37
Crescent High School,crescent-high-school-38
Maple Leaf School,maple-leaf-school-39
Silver Oaks Academy,silver-oaks-academy-40
Green Valley Public School,green-valley-public-school-41
Sunrise International Academy,sunrise-international-academy-42
Blue Ridge High School,blue-ridge-high-school-43
Riverdale Convent,riverdale-convent-44
Hillside Senior Secondary,hillside-senior-secondary-45
Lotus Public School,lotus-public-school-46
Oakwood Academy,oakwood-academy-47
Crescent High School,crescent-high-school-48
Maple Leaf School,maple-leaf-school-49
Silver Oaks Academy,silver-oaks-academy-50
Green Valley Public School,green-valley-public-school-51
Sunrise International Academy,sunrise-international-academy-52
Blue Ridge High School,blue-ridge-high-school-53
Riverdale Convent,riverdale-convent-54
Hillside Senior Secondary,hillside-senior-secondary-55
Lotus Public School,lotus-public-school-56
Oakwood Academy,oakwood-academy-57
Crescent High School,crescent-high-school-58
Maple Leaf School,maple-leaf-school-59
Silver Oaks Academy,silver-oaks-academy-60
Green Valley Public School,green-valley-public-school-61
Sunrise International Academy,sunrise-international-academy-62
Blue Ridge High School,blue-ridge-high-school-63
Riverdale Convent,riverdale-convent-64
Hillside Senior Secondary,hillside-senior-secondary-65
Lotus Public School,lotus-public-school-66
Oakwood Academy,oakwood-academy-67
Crescent High School,crescent-high-school-68
Maple Leaf School,maple-leaf-school-69
Silver Oaks Academy,silver-oaks-academy-70
Green Valley Public School,green-valley-public-school-71
Sunrise International Academy,sunrise-international-academy-72
Blue Ridge High School,blue-ridge-high-school-73
Riverdale Convent,riverdale-convent-74
Hillside Senior Secondary,hillside-senior-secondary-75
Lotus Public School,lotus-public-school-76
Oakwood Academy,oakwood-academy-77
Crescent High School,crescent-high-school-78
Maple Leaf School,maple-leaf-school-79
Silver Oaks Academy,silver-oaks-academy-80
Green Valley Public School,green-valley-public-school-81
Sunrise International Academy,sunrise-international-academy-82
Blue Ridge High School,blue-ridge-high-school-83
Riverdale Convent,riverdale-convent-84
Hillside Senior Secondary,hillside-senior-secondary-85
Lotus Public School,lotus-public-school-86
Oakwood Academy,oakwood-academy-87
Crescent High School,crescent-high-school-88
Maple Leaf School,maple-leaf-school-89
Silver Oaks Academy,silver-oaks-academy-90
Green Valley Public School,green-valley-public-school-91
Sunrise International Academy,sunrise-international-academy-92
Blue Ridge High School,blue-ridge-high-school-93
Riverdale Convent,riverdale-convent-94
Hillside Senior Secondary,hillside-senior-secondary-95
Lotus Public School,lotus-public-school-96
Oakwood Academy,oakwood-academy-97
Crescent High School,crescent-high-school-98
Maple Leaf School,maple-leaf-school-99
Silver Oaks Academy,silver-oaks-academy-100